title,url,thumbnail_url,channel,description
CHAPTER 3 MEMES (best season),https://www.youtube.com/watch?v=bYvszk5UHxE,https://i.ytimg.com/vi/bYvszk5UHxE/hqdefault.jpg?sqp=-oaymwEcCPYBEIoBSFXyq4qpAw4IARUAAIhCGAFwAcABBg==&rs=AOn4CLAFQMKDKXLJXWOzZe2afqnDuBWQXQ,LazarBeam,Is fortnite back? is chapter 3 good? does lazarbeam win?? üëïLAZAR Merch - https://shoplazar.com/ üé•SECOND CHANNEL - https://www.youtube.com/user/CrushSlash ü©≥LAZAR SHORTS - https://www.youtub...
"Gervonta Davis Calls Haney, Garcia, Kambosos 'Easy Work' & Says He Is The 'Top Dog' | SHOWTIME PPV",https://www.youtube.com/watch?v=pTOpSs0f9Vw,https://i.ytimg.com/vi/pTOpSs0f9Vw/hqdefault.jpg?sqp=-oaymwEcCPYBEIoBSFXyq4qpAw4IARUAAIhCGAFwAcABBg==&rs=AOn4CLAFJZBJFIgTxdpsouZoQV8Ky-pUlw,SHOWTIME Sports,"Boxing‚Äôs hottest attraction Gervonta ‚ÄúTank‚Äù Davis defended his lightweight championship with a tough UD win over Isaac Cruz in an explosive showdown. After his win, Davis spoke with..."
Snack Video Games: Last Week Tonight with John Oliver (Web Exclusive),https://www.youtube.com/watch?v=8Kfx2fANELo,https://i.ytimg.com/vi/8Kfx2fANELo/hqdefault.jpg?sqp=-oaymwEcCPYBEIoBSFXyq4qpAw4IARUAAIhCGAFwAcABBg==&rs=AOn4CLCTXqeOnwIU6Bd9u-EeNQg13mSvyA,LastWeekTonight,"John Oliver explores the lost world of snack-sponsored video games, and pitches some ideas to today‚Äôs snack brands. Connect with Last Week Tonight online... Subscribe to the Last Week..."
"Davis vs Cruz HIGHLIGHTS: December 15, 2021 | PBC on Showtime PPV",https://www.youtube.com/watch?v=7bbyfAsSlho,,Premier Boxing Champions,"Boxing superstar and five-time world champion Gervonta ‚ÄúTank‚Äù Davis put his boxing skills on display, winning a rousing 12-round round unanimous decision over the relentless Isaac ‚ÄúPitbull‚Äù..."
Fortnite Chapter 3 Season 1 Flipped Overview Trailer,https://www.youtube.com/watch?v=knAYcg7Tt8E,,Fortnite,"Watch the Fortnite Chapter 3 Season 1 Flipped trailer! The Fortnite Island has been flipped and a new one has been revealed. Due to a particularly cold winter, the first thing you‚Äôll notice..."
SPIDER-MAN: ACROSS THE SPIDER-VERSE (PART ONE) ‚Äì First Look,https://www.youtube.com/watch?v=BbXJ3_AQE_o,,Sony Pictures Entertainment,Miles Morales‚Äô story and the #SpiderVerse web expands. Take a first look at Spider-Man: Across the Spider-Verse (Part One). Exclusively in movie theaters October 2022. Follow Us on Social:...
I made the worlds strongest nut cracker,https://www.youtube.com/watch?v=Q1RaC7YJ7sk,,Stuff Made Here,"Check out https://KiwiCo.com/StuffMadeHere and get 50% off your first month of any crate! Get merch, support the channel: https://stuffmadehere.shop Help support these videos on patreon: https://pa..."
FIGHT HIGHLIGHTS | Devin Haney vs. JoJo Diaz,https://www.youtube.com/watch?v=_r-bHyylPxE,,DAZN Boxing,"Devin Haney vs. JoJo Diaz, from the MGM Grand Garden Arena in Las Vegas, Nevada. Subscribe to our YouTube channel üëâ http://bit.ly/DAZNBoxingYouTube Download the DAZN app now üëâ http://bit...."
I Supercharged My 1968 Dodge Charger....Will It Survive?,https://www.youtube.com/watch?v=rag_tPxv858,,Westen Champlin,This is a 1968 dodge charger that hasn't run or been driving on the road in 35 years basically abandoned until we Rescued it. Fuel system: https://www.holley.com/ Merch: https://westengw.com/...
I'm STARTING OVER in Minecraft Hardcore...,https://www.youtube.com/watch?v=a0B2LtXIldg,,WadZee,"Today I'm Starting over in my 3,500 Days Minecraft Hardcore World. I've played in this world for 2 years now, and with the release of the Minecraft 1.18 Update, I think it's time to Start Over..."
